<?xml version="1.0" encoding="UTF-8"?>
<!-- scan 配置文件如果发生改变，将会被重新加载  scanPeriod 检测间隔时间-->
<configuration debug="false">
    <!--scan="true" scanPeriod="60 seconds"-->
    <!--<contextName>system-log</contextName>-->
    <!--<include resource="org/springframework/boot/logging/logback/base.xml"/>-->

    <property name="LOG_HOME" value="logs/"/>

    <!-- 控制台 -->
    <appender name="STDOUT" class="ch.qos.logback.core.ConsoleAppender">
    <!-- 日志格式 -->
    <encoder>
    <pattern>%d{yyyy-MM-dd HH:mm:ss.SSS} [%thread] %-5level %logger :%-3L - %msg%n</pattern>
    <charset>utf-8</charset>
    </encoder>
    <!--此日志appender是为开发使用，只配置最底级别，控制台输出的日志级别是大于或等于此级别的日志信息-->
    <filter class="ch.qos.logback.classic.filter.ThresholdFilter">
    <level>INFO</level>
    </filter>
    </appender>

    <appender name="INFO_FILE" class="ch.qos.logback.core.rolling.RollingFileAppender">
        <rollingPolicy class="ch.qos.logback.core.rolling.TimeBasedRollingPolicy">
            <!--日志文件输出的文件名-->
            <FileNamePattern>${LOG_HOME}/info/%d{yyyy-MM-dd}-info.log</FileNamePattern>
            <!--日志文件保留天数-->
            <MaxHistory>180</MaxHistory>
        </rollingPolicy>
        <encoder class="ch.qos.logback.classic.encoder.PatternLayoutEncoder">
            <pattern>%d{yyyy-MM-dd HH:mm:ss.SSS} [%thread] %-5level %logger :%-3L - %msg%n</pattern>
            <charset>utf-8</charset>
        </encoder>
        <!--日志文件最大的大小-->
        <triggeringPolicy class="ch.qos.logback.core.rolling.SizeBasedTriggeringPolicy">
            <MaxFileSize>10MB</MaxFileSize>
        </triggeringPolicy>
        <!-- 日志级别过滤器 -->
        <filter class="ch.qos.logback.classic.filter.LevelFilter">
            <!-- 过滤的级别 -->
            <level>INFO</level>
            <!-- 匹配时的操作：接收（记录） -->
            <onMatch>ACCEPT</onMatch>
            <!-- 不匹配时的操作：拒绝（不记录） -->
            <onMismatch>DENY</onMismatch>
        </filter>
    </appender>

    <appender name="ERROR_FILE" class="ch.qos.logback.core.rolling.RollingFileAppender">
        <rollingPolicy class="ch.qos.logback.core.rolling.TimeBasedRollingPolicy">
            <!--日志文件输出的文件名-->
            <FileNamePattern>${LOG_HOME}/error/%d{yyyy-MM-dd}-error.log</FileNamePattern>
            <!--日志文件保留天数-->
            <MaxHistory>180</MaxHistory>
        </rollingPolicy>
        <encoder class="ch.qos.logback.classic.encoder.PatternLayoutEncoder">
            <pattern>%d{yyyy-MM-dd HH:mm:ss.SSS} [%thread] %-5level %logger :%-3L - %msg%n</pattern>
            <charset>utf-8</charset>
        </encoder>
        <!--日志文件最大的大小-->
        <triggeringPolicy class="ch.qos.logback.core.rolling.SizeBasedTriggeringPolicy">
            <MaxFileSize>10MB</MaxFileSize>
        </triggeringPolicy>
        <!-- 日志级别过滤器 -->
        <filter class="ch.qos.logback.classic.filter.LevelFilter">
            <!-- 过滤的级别 -->
            <level>ERROR</level>
            <!-- 匹配时的操作：接收（记录） -->
            <onMatch>ACCEPT</onMatch>
            <!-- 不匹配时的操作：拒绝（不记录） -->
            <onMismatch>DENY</onMismatch>
        </filter>
    </appender>

    <root level="INFO">
        <!--<appender-ref ref="STDOUT"/>-->
        <appender-ref ref="INFO_FILE"/>
        <appender-ref ref="ERROR_FILE"/>
    </root>
</configuration>